Owner_ID,Room_ID,CheckIn,CheckOut
1,1,2021-07-09 01:16:46,2021-07-13 01:16:46 
2,2,2021-05-26 13:36:39,2021-06-06 13:36:39 
3,3,2021-05-10 08:40:39,2021-05-16 08:40:39 
4,4,2021-07-26 08:04:55,2021-07-31 08:04:55 
5,5,2021-05-26 03:45:24,2021-06-05 03:45:24 
6,6,2021-06-24 16:21:17,2021-07-07 16:21:17 
7,7,2021-08-18 13:08:50,2021-09-01 13:08:50 
8,8,2021-05-17 19:32:36,2021-05-19 19:32:36 
9,9,2021-08-04 10:11:59,2021-08-14 10:11:59 
10,10,2021-05-12 03:49:02,2021-05-17 03:49:02 
11,11,2021-06-20 11:12:29,2021-07-04 11:12:29 
12,12,2021-05-09 05:44:33,2021-05-10 05:44:33 
13,13,2021-05-04 18:34:15,2021-05-14 18:34:15 
14,14,2021-08-25 05:39:51,2021-08-28 05:39:51 
15,15,2021-07-06 11:13:21,2021-07-11 11:13:21 
16,16,2021-08-25 23:04:49,2021-09-01 23:04:49 
17,17,2021-05-17 02:50:09,2021-05-20 02:50:09 
18,18,2021-07-26 10:42:38,2021-07-31 10:42:38 
19,19,2021-05-27 00:56:05,2021-06-07 00:56:05 
20,20,2021-08-04 09:34:19,2021-08-14 09:34:19 
21,21,2021-08-05 21:42:06,2021-08-11 21:42:06 
22,22,2021-05-16 17:56:34,2021-05-22 17:56:34 
23,23,2021-08-11 18:47:46,2021-08-24 18:47:46 
24,24,2021-05-24 09:12:36,2021-05-31 09:12:36 
25,25,2021-08-30 10:15:14,2021-09-07 10:15:14 
26,26,2021-06-11 08:10:45,2021-06-19 08:10:45 
27,27,2021-06-26 13:43:31,2021-06-30 13:43:31 
28,28,2021-06-03 18:57:51,2021-06-12 18:57:51 
29,29,2021-05-03 17:33:58,2021-05-08 17:33:58 
30,30,2021-08-02 13:18:06,2021-08-13 13:18:06 
31,31,2021-08-02 09:11:17,2021-08-04 09:11:17 
32,32,2021-08-08 14:47:19,2021-08-12 14:47:19 
33,33,2021-05-10 02:58:09,2021-05-14 02:58:09 
34,34,2021-05-19 00:19:58,2021-05-20 00:19:58 
35,35,2021-05-12 03:39:32,2021-05-15 03:39:32 
36,36,2021-06-30 12:19:16,2021-07-07 12:19:16 
37,37,2021-07-22 15:09:36,2021-08-03 15:09:36 
38,38,2021-08-16 12:01:25,2021-08-21 12:01:25 
39,39,2021-08-23 22:54:02,2021-08-24 22:54:02 
40,40,2021-05-14 07:57:23,2021-05-17 07:57:23 
41,41,2021-05-22 00:40:44,2021-06-01 00:40:44 
42,42,2021-06-06 08:15:10,2021-06-08 08:15:10 
43,43,2021-07-29 10:07:20,2021-08-09 10:07:20 
44,44,2021-08-08 06:33:33,2021-08-21 06:33:33 
45,45,2021-08-27 01:17:43,2021-09-04 01:17:43 
46,46,2021-06-23 09:16:37,2021-06-27 09:16:37 
47,47,2021-07-24 01:56:45,2021-08-04 01:56:45 
48,48,2021-07-19 14:11:41,2021-08-02 14:11:41 
49,49,2021-05-15 09:43:41,2021-05-22 09:43:41 
50,50,2021-05-26 15:11:56,2021-06-03 15:11:56 
51,51,2021-06-25 13:27:05,2021-07-07 13:27:05 
52,52,2021-07-28 04:13:19,2021-08-09 04:13:19 
53,53,2021-08-05 16:47:06,2021-08-15 16:47:06 
54,54,2021-06-24 02:13:01,2021-07-07 02:13:01 
55,55,2021-06-25 11:15:54,2021-06-29 11:15:54 
56,56,2021-05-03 11:04:31,2021-05-09 11:04:31 
57,57,2021-06-28 12:22:40,2021-07-04 12:22:40 
58,58,2021-08-23 19:31:52,2021-09-02 19:31:52 
59,59,2021-08-17 11:02:31,2021-08-18 11:02:31 
60,60,2021-05-28 06:07:13,2021-06-01 06:07:13 
61,61,2021-07-08 18:20:21,2021-07-16 18:20:21 
62,62,2021-05-08 10:36:12,2021-05-14 10:36:12 
63,63,2021-07-11 11:35:12,2021-07-22 11:35:12 
64,64,2021-08-29 06:45:34,2021-09-11 06:45:34 
65,65,2021-08-26 10:53:47,2021-08-27 10:53:47 
66,66,2021-07-30 13:46:16,2021-08-06 13:46:16 
67,67,2021-05-15 09:22:24,2021-05-21 09:22:24 
68,68,2021-06-22 21:12:56,2021-06-23 21:12:56 
69,69,2021-07-06 10:27:23,2021-07-19 10:27:23 
70,70,2021-08-22 08:56:03,2021-09-02 08:56:03 
71,71,2021-08-19 01:17:27,2021-08-23 01:17:27 
72,72,2021-06-22 23:45:18,2021-06-27 23:45:18 
73,73,2021-05-18 12:29:55,2021-05-30 12:29:55 
74,74,2021-08-14 08:02:11,2021-08-26 08:02:11 
75,75,2021-08-10 04:10:09,2021-08-13 04:10:09 
76,76,2021-05-18 21:38:05,2021-05-23 21:38:05 
77,77,2021-06-02 09:24:27,2021-06-07 09:24:27 
78,78,2021-08-14 19:39:37,2021-08-23 19:39:37 
79,79,2021-07-31 23:41:32,2021-08-07 23:41:32 
80,80,2021-05-16 18:09:36,2021-05-30 18:09:36 
81,81,2021-06-22 13:44:20,2021-06-23 13:44:20 
82,82,2021-06-30 19:15:39,2021-07-07 19:15:39 
83,83,2021-06-07 12:18:06,2021-06-21 12:18:06 
84,84,2021-08-09 07:51:12,2021-08-11 07:51:12 
85,85,2021-05-22 13:35:46,2021-05-26 13:35:46 
86,86,2021-08-01 09:41:45,2021-08-07 09:41:45 
87,87,2021-06-28 23:49:31,2021-07-03 23:49:31 
88,88,2021-06-02 15:06:32,2021-06-08 15:06:32 
89,89,2021-05-23 07:09:50,2021-05-31 07:09:50 
90,90,2021-07-20 13:52:23,2021-07-27 13:52:23 
91,91,2021-07-29 01:02:22,2021-08-10 01:02:22 
92,92,2021-07-07 08:18:58,2021-07-18 08:18:58 
93,93,2021-08-03 07:36:11,2021-08-14 07:36:11 
94,94,2021-05-08 05:32:56,2021-05-11 05:32:56 
95,95,2021-06-16 21:07:21,2021-06-29 21:07:21 
96,96,2021-08-01 20:10:14,2021-08-14 20:10:14 
97,97,2021-06-24 13:35:59,2021-06-26 13:35:59 
98,98,2021-08-23 19:47:11,2021-08-29 19:47:11 
99,99,2021-07-28 01:13:50,2021-08-05 01:13:50 
100,100,2021-08-18 11:17:41,2021-08-27 11:17:41 
